{"acc": 0.9845132743362832, "tpr": 0.8421052631578947, "threshold": 0.029411764705882353}