{"acc": 0.9845132743362832, "tpr": 0.8333333333333334, "threshold": 0.029411764705882353}