{"acc": 0.9774489076814659, "tpr": 0.9354838709677419, "threshold": 0.03225806451612903}