{"acc": 0.9963715529753265, "tpr": 0.8, "threshold": 0.02040816326530612}