{"acc": 0.9808259587020649, "tpr": 0.967741935483871, "threshold": 0.03333333333333333}