{"acc": 0.9949201741654572, "tpr": 0.8571428571428571, "threshold": 0.02}