{"acc": 0.9874631268436578, "tpr": 0.9375, "threshold": 0.02702702702702703}