{"acc": 0.9690265486725663, "tpr": 0.9104477611940298, "threshold": 0.06857142857142857}