{"acc": 0.8383635144198525, "tpr": 0.5142857142857142, "threshold": 0.3463541666666667}