{"acc": 0.9933628318584071, "tpr": 1.0, "threshold": 0.020833333333333332}