{"acc": 0.9904129793510325, "tpr": 1.0, "threshold": 0.02564102564102564}