{"acc": 0.9380403458213257, "tpr": 0.941747572815534, "threshold": 0.07894736842105263}