{"acc": 0.9653392330383481, "tpr": 0.8333333333333334, "threshold": 0.03875968992248062}