{"acc": 0.9941002949852508, "tpr": 0.96875, "threshold": 0.030303030303030304}