{"acc": 0.9690265486725663, "tpr": 0.9428571428571428, "threshold": 0.04878048780487805}