{"acc": 0.9896551724137931, "tpr": 1.0, "threshold": 0.02702702702702703}