{"acc": 0.9867256637168141, "tpr": 0.75, "threshold": 0.02857142857142857}