{"acc": 0.9845132743362832, "tpr": 1.0, "threshold": 0.03333333333333333}