{"acc": 0.9893048128342246, "tpr": 0.9333333333333333, "threshold": 0.02631578947368421}