{"acc": 0.992872416250891, "tpr": 1.0, "threshold": 0.02127659574468085}