{"acc": 0.9863994273443092, "tpr": 0.8333333333333334, "threshold": 0.02857142857142857}