{"acc": 0.9852507374631269, "tpr": 0.9545454545454546, "threshold": 0.029411764705882353}