{"acc": 0.9830383480825958, "tpr": 1.0, "threshold": 0.03225806451612903}