{"acc": 0.9882005899705014, "tpr": 0.9772727272727273, "threshold": 0.047619047619047616}